Workbook

Sheet Жорамалдар
A1: GadgetStore — 3 жылдық қаржы моделінің жорамалдары
A3: Көрсеткіш | B3: Мән | C3: Бірлік | D3: Дереккөз/ескерту
A4: Әзірлеу құны | B4: 1800000 | C4: ₸ | D4: Оқу жобасына арналған жорамал
A5: Инфрақұрылым / жыл | B5: 360000 | C5: ₸/жыл | D5: Жорамал
A6: Лицензиялар / жыл | B6: 120000 | C6: ₸/жыл | D6: Жорамал
A7: Қолдау, 1-жыл | B7: 300000 | C7: ₸ | D7: Жорамал
A8: Қолдау, 2–3 жыл | B8: 450000 | C8: ₸/жыл | D8: Жорамал
A9: Оқыту, 1-жыл | B9: 150000 | C9: ₸ | D9: Жорамал
A10: Оқыту, 2–3 жыл | B10: 50000 | C10: ₸/жыл | D10: Жорамал
A11: Күтілетін жылдық әсер | B11: 2400000 | C11: ₸/жыл | D11: Автоматтандыру және қосымша сатылым әсері — жорамал
A12: Шығын өсу сценарийі | B12: 0.3 | C12: % | D12: 3-ЗЖ талабы
A13: Әсер төмендеу сценарийі | B13: 0.5 | C13: % | D13: 3-ЗЖ талабы
A15: Ескерту
A16: Нақты коммерциялық статистика берілмегендіктен, барлық қаржылық мәндер оқу мақсатындағы жорамал ретінде белгіленді.
A17: Нақты жобада бұл мәндер бұлт калькуляторлары, прайс-парақтар және жалақы бойынша ашық деректермен ауыстырылуы тиіс.
A18: Модельдегі есептеулер формулалармен орындалады.

Sheet TCO
A1: GadgetStore — 3 жылдық TCO, ROI және өтелу мерзімі
G2: CAPEX / OPEX қорытындысы
A3: Шығын бабы | B3: 1-жыл, ₸ | C3: 2-жыл, ₸ | D3: 3-жыл, ₸ | E3: 3 жыл жиыны, ₸ | G3: Санат | H3: 1-жыл, ₸ | I3: 2-жыл, ₸ | J3: 3-жыл, ₸
A4: Әзірлеу | B4: =Жорамалдар!B4 -> 1800000 | C4: 0 | D4: 0 | E4: =SUM(B4:D4) -> 1800000 | G4: CAPEX | H4: =B4 -> 1800000 | I4: =C4 -> 0 | J4: =D4 -> 0
A5: Инфрақұрылым | B5: =Жорамалдар!B5 -> 360000 | C5: =Жорамалдар!B5 -> 360000 | D5: =Жорамалдар!B5 -> 360000 | E5: =SUM(B5:D5) -> 1080000 | G5: OPEX | H5: =SUM(B5:B8) -> 930000 | I5: =SUM(C5:C8) -> 980000 | J5: =SUM(D5:D8) -> 980000
A6: Лицензиялар | B6: =Жорамалдар!B6 -> 120000 | C6: =Жорамалдар!B6 -> 120000 | D6: =Жорамалдар!B6 -> 120000 | E6: =SUM(B6:D6) -> 360000 | G6: Барлығы | H6: =SUM(H4:H5) -> 2730000 | I6: =SUM(I4:I5) -> 980000 | J6: =SUM(J4:J5) -> 980000
A7: Қолдау | B7: =Жорамалдар!B7 -> 300000 | C7: =Жорамалдар!B8 -> 450000 | D7: =Жорамалдар!B8 -> 450000 | E7: =SUM(B7:D7) -> 1200000
A8: Оқыту | B8: =Жорамалдар!B9 -> 150000 | C8: =Жорамалдар!B10 -> 50000 | D8: =Жорамалдар!B10 -> 50000 | E8: =SUM(B8:D8) -> 250000
A9: TCO | B9: =SUM(B4:B8) -> 2730000 | C9: =SUM(C4:C8) -> 980000 | D9: =SUM(D4:D8) -> 980000 | E9: =SUM(E4:E8) -> 4690000
A11: Көрсеткіш | B11: 1-жыл | C11: 2-жыл | D11: 3-жыл | E11: 3 жыл
A12: Күтілетін пайда, ₸ | B12: =Жорамалдар!B11 -> 2400000 | C12: =Жорамалдар!B11 -> 2400000 | D12: =Жорамалдар!B11 -> 2400000 | E12: =SUM(B12:D12) -> 7200000
A13: Таза ақша ағыны, ₸ | B13: =B12-B9 -> -330000 | C13: =C12-C9 -> 1420000 | D13: =D12-D9 -> 1420000 | E13: =SUM(B13:D13) -> 2510000
A14: Жинақталған ақша ағыны, ₸ | B14: =B13 -> -330000 | C14: =B14+C13 -> 1090000 | D14: =C14+D13 -> 2510000 | E14: =D14 -> 2510000
A15: ROI | E15: =(E12-E9)/E9 -> 0.53518124
A16: Өтелу мерзімі, жыл | E16: =B9/B12 -> 1.1375
A17: Өтелу мерзімі, ай | E17: =E16*12 -> 13.65
A20: ROI — Return on Investment, яғни салынған инвестицияның қайтарымы
A22: ROI = (Пайда − Шығын) / Шығын × 100%

Sheet Сезімталдық
A1: GadgetStore — сезімталдық талдауы
H2: Сценарий қорытындысы
A3: Сценарий | B3: 3 жылдық TCO, ₸ | C3: 3 жылдық пайда, ₸ | D3: Таза пайда, ₸ | E3: ROI | F3: Ескерту | H3: Сценарий | I3: ROI | J3: Мағынасы
A4: Базалық | B4: =TCO!E9 -> 4690000 | C4: =TCO!E12 -> 7200000 | D4: =C4-B4 -> 2510000 | E4: =D4/B4 -> 0.53518124 | F4: Негізгі модель | H4: Базалық | I4: =E4 -> 0.53518124 | J4: Жоба оң нәтиже береді
A5: Шығын +30% | B5: =TCO!E9*(1+Жорамалдар!B12) -> 6097000 | C5: =TCO!E12 -> 7200000 | D5: =C5-B5 -> 1103000 | E5: =D5/B5 -> 0.18090864 | F5: 3-ЗЖ талабы | H5: Шығын +30% | I5: =E5 -> 0.18090864 | J5: Тиімділік төмендейді
A6: Әсер тек 50% | B6: =TCO!E9 -> 4690000 | C6: =TCO!E12*Жорамалдар!B13 -> 3600000 | D6: =C6-B6 -> -1090000 | E6: =D6/B6 -> -0.23240938 | F6: 3-ЗЖ талабы | H6: Әсер 50% | I6: =E6 -> -0.23240938 | J6: Жоба өзін ақтамайды
A7: Шығын +30% және әсер 50% | B7: =TCO!E9*(1+Жорамалдар!B12) -> 6097000 | C7: =TCO!E12*Жорамалдар!B13 -> 3600000 | D7: =C7-B7 -> -2497000 | E7: =D7/B7 -> -0.40954568 | F7: Қосымша стресс-сценарий | H7: Екеуі бірге | I7: =E7 -> -0.40954568 | J7: Ең нашар сценарий

Sheet Open Source
A1: GadgetStore — коммерциялық және Open Source нұсқаларын салыстыру
G2: Open Source әсері
A3: Шығын бабы | B3: Коммерциялық стек, 3 жыл ₸ | C3: Open Source, 3 жыл ₸ | D3: Үнем, ₸ | E3: Түсініктеме | G3: Көрсеткіш | H3: Мән | I3: Түсініктеме
A4: Әзірлеу | B4: =TCO!E4 -> 1800000 | C4: =TCO!E4 -> 1800000 | D4: =B4-C4 -> 0 | E4: Open Source-та да әзірлеу қажет | G4: Коммерциялық TCO | H4: =B9 -> 4690000 | I4: 3 жыл
A5: Инфрақұрылым | B5: =TCO!E5 -> 1080000 | C5: =TCO!E5 -> 1080000 | D5: =B5-C5 -> 0 | E5: Екі нұсқада да хостинг қажет | G5: Open Source TCO | H5: =C9 -> 4330000 | I5: 3 жыл
A6: Лицензиялар | B6: =TCO!E6 -> 360000 | C6: =0 -> 0 | D6: =B6-C6 -> 360000 | E6: Flask/PostgreSQL/Docker — ашық БҚ | G6: Үнем | H6: =D9 -> 360000 | I6: Лицензиялық шығын азаяды
A7: Қолдау | B7: =TCO!E7 -> 1200000 | C7: =TCO!E7 -> 1200000 | D7: =B7-C7 -> 0 | E7: Қолдау шығыны сақталады
A8: Оқыту | B8: =TCO!E8 -> 250000 | C8: =TCO!E8 -> 250000 | D8: =B8-C8 -> 0 | E8: Оқыту шығыны сақталады
A9: TCO | B9: =SUM(B4:B8) -> 4690000 | C9: =SUM(C4:C8) -> 4330000 | D9: =SUM(D4:D8) -> 360000
