Workbook

Sheet Шолу
A1: GadgetStore: 9-апта - flow-based delivery
A3: Орындаушы | B3: Зулпыхаров Ерасыл | D3: Нәтиже | E3: Мән
A4: Топ | B4: АЖ-43 | D4: Sprint 1 throughput | E4: =Метрикалар!B4 -> 4
A5: Күні | B5: 29.10.2026 | D5: Sprint 2 throughput | E5: =Метрикалар!C4 -> 5
A6: Формат | B6: Оқу симуляциясы | D6: Cycle time: Sprint 1 | E6: =Метрикалар!B5 -> 3
A7: Жоба | B7: GadgetStore | D7: Cycle time: Sprint 2 | E7: =Метрикалар!C5 -> 1.8
A8: Ауқым | B8: Екі спринттік Kanban ағыны | D8: Sprint 2 әрекеті | E8: Doing WIP=2, Review WIP=2
A10: Sprint 1 review және ретроспектива
A11: Бақылау | B11: Нәтиже | C11: Түбір себеп | D11: Sprint 2 әрекеті | E11: Өлшеу
A12: Doing WIP | B12: 3 item / лимит 2 | C12: Жаңа item Review босамай тұрып басталды | D12: Doing WIP=2; pull алдында бағанды тексеру | E12: Күнделікті CFD
A13: Cycle time | B13: Орташа 3.0 күн; p85=5 | C13: Құжат пен тест бір кезекте жиналды | D13: DoR және бөлек acceptance criterion | E13: Cycle time
A14: Review | B14: Кезек айқын емес | C14: Тексеру иесі/дәлелі көрсетілмеді | D14: Review WIP=2 және DoD-ге дәлел сілтемесі | E14: Review age
A15: Бір әрекет | B15: WIP тәртібі | C15: Ең үлкен тар жер Doing болды | D15: Күн сайын WIP бұзылысын талқылау | E15: 0 бұзылыс
A17: Sprint 2 review: 5 item аяқталды; Doing WIP бұзылысы 0; орташа cycle time 1.8 күн. Өзгеріс WIP-ті шектеуден және нақты Ready/Done шарттарынан шықты. Бұл нәтиже оқу симуляциясының журналынан есептелген, нақты өндірістік көрсеткіш емес.

Sheet Тақта
A1: GadgetStore: екі спринттік Kanban тақтасы
A3: ID | B3: Спринт | C3: Тарихша | D3: Ready | E3: DoR | F3: Doing | G3: Review | H3: Done | I3: Күйі | J3: Қабылдау/ескерту | K3: Cycle day
A4: GS-01 | B4: Sprint 1 | C4: Каталог деректерін тексеру | D4: 46308 | E4: Иә | F4: 46308 | G4: 46309 | H4: 46309 | I4: Done | J4: 12+ тауар және ID бірегей | K4: =H4-F4 -> 1
A5: GS-02 | B5: Sprint 1 | C5: Тапсырыс серверлік тексеру | D5: 46308 | E5: Иә | F5: 46309 | G5: 46311 | H5: 46312 | I5: Done | J5: Жалған total қабылданбайды | K5: =H5-F5 -> 3
A6: GS-03 | B6: Sprint 1 | C6: API регрессия тесті | D6: 46308 | E6: Иә | F6: 46310 | G6: 46312 | H6: 46313 | I6: Done | J6: Тесттер өтті | K6: =H6-F6 -> 3
A7: GS-04 | B7: Sprint 1 | C7: Іске қосу нұсқаулығы | D7: 46308 | E7: Иә | F7: 46309 | G7: 46313 | H7: 46314 | I7: Done | J7: README жаңартылды | K7: =H7-F7 -> 5
A8: GS-05 | B8: Sprint 2 | C8: Профиль деректерін азайту | D8: 46315 | E8: Иә | F8: 46315 | G8: 46316 | H8: 46316 | I8: Done | J8: Карта өрістері жойылды - симуляция | K8: =H8-F8 -> 1
A9: GS-06 | B9: Sprint 2 | C9: Тапсырыс API лимиті | D9: 46315 | E9: Иә | F9: 46316 | G9: 46317 | H9: 46318 | I9: Done | J9: 6-шы сұрау 429 - симуляция | K9: =H9-F9 -> 2
A10: GS-07 | B10: Sprint 2 | C10: Backup restore тексеру | D10: 46315 | E10: Иә | F10: 46316 | G10: 46317 | H10: 46318 | I10: Done | J10: Restore ≤30 мин - симуляция | K10: =H10-F10 -> 2
A11: GS-08 | B11: Sprint 2 | C11: Құжатты жаңарту | D11: 46315 | E11: Иә | F11: 46317 | G11: 46318 | H11: 46319 | I11: Done | J11: README және дәлел сілтемесі | K11: =H11-F11 -> 2
A12: GS-09 | B12: Sprint 2 | C12: Бюджет драйверлерін есептеу | D12: 46315 | E12: Иә | F12: 46318 | G12: 46319 | H12: 46320 | I12: Done | J12: Break-even формуласы | K12: =H12-F12 -> 2
A15: Күй ауысуының мағынасы: Ready → Doing → Review → Done. Барлық күндер оқу симуляциясының оқиғалар журналы; метрикалар осы журналдан есептеледі.

Sheet Метрикалар
A1: GadgetStore: flow-метрикалар және CFD
A3: Метрика | B3: Sprint 1 | C3: Sprint 2 | D3: Өзгеріс | E3: Түсіндірме
A4: Throughput (Done item) | B4: =COUNTIF(Тақта!$B$4:$B$12,"Sprint 1") -> 4 | C4: =COUNTIF(Тақта!$B$4:$B$12,"Sprint 2") -> 5 | D4: =C4-B4 -> 1 | E4: Аптада аяқталған item саны
A5: Орташа cycle time, күн | B5: =AVERAGE(Тақта!$K$4:$K$7) -> 3 | C5: =AVERAGE(Тақта!$K$8:$K$12) -> 1.8 | D5: =C5-B5 -> -1.2 | E5: Doing→Done аралығы
A6: P85 cycle time, күн | B6: =MAX(Тақта!$K$4:$K$7) -> 5 | C6: =MAX(Тақта!$K$8:$K$12) -> 2 | D6: =C6-B6 -> -3 | E6: Кіші sample үшін ең ұзақ cycle time - консервативті p85
A7: Doing WIP шегін бұзу | B7: 1 күн | C7: 0 күн | D7: -1 күн | E7: Sprint 1-де 15-Oct 3 Doing item болды; Sprint 2-де Doing ≤2.
A10: Күн | B10: Ready | C10: Doing | D10: Review | E10: Done | G10: CFD оқу | H10: Түсіндірме
A11: 46308 | B11: =COUNTIFS(Тақта!$D$4:$D$12,"<="&A11,Тақта!$F$4:$F$12,">"&A11) -> 3 | C11: =COUNTIFS(Тақта!$F$4:$F$12,"<="&A11,Тақта!$G$4:$G$12,">"&A11) -> 1 | D11: =COUNTIFS(Тақта!$G$4:$G$12,"<="&A11,Тақта!$H$4:$H$12,">"&A11) -> 0 | E11: =COUNTIF(Тақта!$H$4:$H$12,"<="&A11) -> 0 | G11: Ready | H11: Әлі басталмаған item
A12: 46309 | B12: =COUNTIFS(Тақта!$D$4:$D$12,"<="&A12,Тақта!$F$4:$F$12,">"&A12) -> 1 | C12: =COUNTIFS(Тақта!$F$4:$F$12,"<="&A12,Тақта!$G$4:$G$12,">"&A12) -> 2 | D12: =COUNTIFS(Тақта!$G$4:$G$12,"<="&A12,Тақта!$H$4:$H$12,">"&A12) -> 0 | E12: =COUNTIF(Тақта!$H$4:$H$12,"<="&A12) -> 1 | G12: Doing | H12: Белсенді жұмыс
A13: 46310 | B13: =COUNTIFS(Тақта!$D$4:$D$12,"<="&A13,Тақта!$F$4:$F$12,">"&A13) -> 0 | C13: =COUNTIFS(Тақта!$F$4:$F$12,"<="&A13,Тақта!$G$4:$G$12,">"&A13) -> 3 | D13: =COUNTIFS(Тақта!$G$4:$G$12,"<="&A13,Тақта!$H$4:$H$12,">"&A13) -> 0 | E13: =COUNTIF(Тақта!$H$4:$H$12,"<="&A13) -> 1 | G13: Review | H13: Тексеру кезегі
A14: 46311 | B14: =COUNTIFS(Тақта!$D$4:$D$12,"<="&A14,Тақта!$F$4:$F$12,">"&A14) -> 0 | C14: =COUNTIFS(Тақта!$F$4:$F$12,"<="&A14,Тақта!$G$4:$G$12,">"&A14) -> 2 | D14: =COUNTIFS(Тақта!$G$4:$G$12,"<="&A14,Тақта!$H$4:$H$12,">"&A14) -> 1 | E14: =COUNTIF(Тақта!$H$4:$H$12,"<="&A14) -> 1 | G14: Done | H14: Аяқталған item
A15: 46312 | B15: =COUNTIFS(Тақта!$D$4:$D$12,"<="&A15,Тақта!$F$4:$F$12,">"&A15) -> 0 | C15: =COUNTIFS(Тақта!$F$4:$F$12,"<="&A15,Тақта!$G$4:$G$12,">"&A15) -> 1 | D15: =COUNTIFS(Тақта!$G$4:$G$12,"<="&A15,Тақта!$H$4:$H$12,">"&A15) -> 1 | E15: =COUNTIF(Тақта!$H$4:$H$12,"<="&A15) -> 2
A16: 46313 | B16: =COUNTIFS(Тақта!$D$4:$D$12,"<="&A16,Тақта!$F$4:$F$12,">"&A16) -> 0 | C16: =COUNTIFS(Тақта!$F$4:$F$12,"<="&A16,Тақта!$G$4:$G$12,">"&A16) -> 0 | D16: =COUNTIFS(Тақта!$G$4:$G$12,"<="&A16,Тақта!$H$4:$H$12,">"&A16) -> 1 | E16: =COUNTIF(Тақта!$H$4:$H$12,"<="&A16) -> 3
A17: 46314 | B17: =COUNTIFS(Тақта!$D$4:$D$12,"<="&A17,Тақта!$F$4:$F$12,">"&A17) -> 0 | C17: =COUNTIFS(Тақта!$F$4:$F$12,"<="&A17,Тақта!$G$4:$G$12,">"&A17) -> 0 | D17: =COUNTIFS(Тақта!$G$4:$G$12,"<="&A17,Тақта!$H$4:$H$12,">"&A17) -> 0 | E17: =COUNTIF(Тақта!$H$4:$H$12,"<="&A17) -> 4
A18: 46315 | B18: =COUNTIFS(Тақта!$D$4:$D$12,"<="&A18,Тақта!$F$4:$F$12,">"&A18) -> 4 | C18: =COUNTIFS(Тақта!$F$4:$F$12,"<="&A18,Тақта!$G$4:$G$12,">"&A18) -> 1 | D18: =COUNTIFS(Тақта!$G$4:$G$12,"<="&A18,Тақта!$H$4:$H$12,">"&A18) -> 0 | E18: =COUNTIF(Тақта!$H$4:$H$12,"<="&A18) -> 4
A19: 46316 | B19: =COUNTIFS(Тақта!$D$4:$D$12,"<="&A19,Тақта!$F$4:$F$12,">"&A19) -> 2 | C19: =COUNTIFS(Тақта!$F$4:$F$12,"<="&A19,Тақта!$G$4:$G$12,">"&A19) -> 2 | D19: =COUNTIFS(Тақта!$G$4:$G$12,"<="&A19,Тақта!$H$4:$H$12,">"&A19) -> 0 | E19: =COUNTIF(Тақта!$H$4:$H$12,"<="&A19) -> 5
A20: 46317 | B20: =COUNTIFS(Тақта!$D$4:$D$12,"<="&A20,Тақта!$F$4:$F$12,">"&A20) -> 1 | C20: =COUNTIFS(Тақта!$F$4:$F$12,"<="&A20,Тақта!$G$4:$G$12,">"&A20) -> 1 | D20: =COUNTIFS(Тақта!$G$4:$G$12,"<="&A20,Тақта!$H$4:$H$12,">"&A20) -> 2 | E20: =COUNTIF(Тақта!$H$4:$H$12,"<="&A20) -> 5
A21: 46318 | B21: =COUNTIFS(Тақта!$D$4:$D$12,"<="&A21,Тақта!$F$4:$F$12,">"&A21) -> 0 | C21: =COUNTIFS(Тақта!$F$4:$F$12,"<="&A21,Тақта!$G$4:$G$12,">"&A21) -> 1 | D21: =COUNTIFS(Тақта!$G$4:$G$12,"<="&A21,Тақта!$H$4:$H$12,">"&A21) -> 1 | E21: =COUNTIF(Тақта!$H$4:$H$12,"<="&A21) -> 7
A22: 46319 | B22: =COUNTIFS(Тақта!$D$4:$D$12,"<="&A22,Тақта!$F$4:$F$12,">"&A22) -> 0 | C22: =COUNTIFS(Тақта!$F$4:$F$12,"<="&A22,Тақта!$G$4:$G$12,">"&A22) -> 0 | D22: =COUNTIFS(Тақта!$G$4:$G$12,"<="&A22,Тақта!$H$4:$H$12,">"&A22) -> 1 | E22: =COUNTIF(Тақта!$H$4:$H$12,"<="&A22) -> 8
A23: 46320 | B23: =COUNTIFS(Тақта!$D$4:$D$12,"<="&A23,Тақта!$F$4:$F$12,">"&A23) -> 0 | C23: =COUNTIFS(Тақта!$F$4:$F$12,"<="&A23,Тақта!$G$4:$G$12,">"&A23) -> 0 | D23: =COUNTIFS(Тақта!$G$4:$G$12,"<="&A23,Тақта!$H$4:$H$12,">"&A23) -> 0 | E23: =COUNTIF(Тақта!$H$4:$H$12,"<="&A23) -> 9
A24: 46321 | B24: =COUNTIFS(Тақта!$D$4:$D$12,"<="&A24,Тақта!$F$4:$F$12,">"&A24) -> 0 | C24: =COUNTIFS(Тақта!$F$4:$F$12,"<="&A24,Тақта!$G$4:$G$12,">"&A24) -> 0 | D24: =COUNTIFS(Тақта!$G$4:$G$12,"<="&A24,Тақта!$H$4:$H$12,">"&A24) -> 0 | E24: =COUNTIF(Тақта!$H$4:$H$12,"<="&A24) -> 9
A27: Қорытынды: throughput 4-тен 5-ке өсті; орташа cycle time 3.0-ден 1.8 күнге, консервативті p85 5-тен 2 күнге азайды. Себеп: Doing WIP-ті 2-де ұстау, DoR нақтылау және Review лимитін 2-ге өзгерту.

Sheet Процесс хартиясы
A1: GadgetStore: Kanban процесс хартиясы
A3: Элемент | B3: Sprint 1 | C3: Sprint 2 | D3: Ереже / түсіндірме
A4: Бағандар | B4: Ready, Doing, Review, Done | C4: Ready, Doing, Review, Done | D4: Барлық жұмыс солдан оңға тартылады; Done қайта ашылса жаңа оқиға жазылады.
A5: WIP: Doing | B5: 2 | C5: 2 | D5: Sprint 1-де 15-Oct күні 3 item болды: лимит бұзылды. Sprint 2-де 2-ден аспау талабы қолданылды.
A6: WIP: Review | B6: 1 | C6: 2 | D6: Ретроспективадан кейін Review лимиті 2-ге өзгерді: екі тәуелсіз тексеру қатар өте алады.
A7: Pull саясаты | B7: Doing босаса Ready-ден ең жоғары басым item тартылады | C7: Сол ереже + DoR тексеріледі | D7: Итеру жоқ: WIP лимиті толса жаңа item басталмайды.
A8: Definition of Ready | B8: Тақырып және қысқа нәтиже бар | C8: Мақсат, acceptance criterion, тәуелділік, өлшеу бар | D8: Ready-де осы төрт белгі жоқ item Doing-ке өтпейді.
A9: Definition of Done | B9: Код/құжат бар | C9: Код/құжат + acceptance + тест/дәлел сілтемесі | D9: Review аяқталып, дәлел тіркелгенде ғана Done.
A10: Қызмет класы | B10: Standard | C10: Standard; Expedite тек blocker үшін | D10: Expedite бірден көп емес және WIP-тен тыс емес.
A11: Cadence | B11: Күнделікті қысқа шолу; апталық review/retro | C11: Күнделікті қысқа шолу; апталық review/retro | D11: Өлшеу күндері журналға жазылады.
A13: Sprint 1 мақсаты: каталог пен тапсырыс сценарийінің негізін тексеру. Sprint 2 мақсаты: WIP-ті тұрақтандырып, Review кезегін шектеу арқылы cycle time-ды азайту.
